HEX CODE,Expanded HEX
#016,#001166
#017,#001177
#018,#001188
#019,#001199
#01A,#0011AA
#01C,#0011CC
#01D,#0011DD
#01E,#0011EE
#020,#002200
#021,#002211
#022,#002222
#023,#002233
#024,#002244
#025,#002255
#026,#002266
#027,#002277
#028,#002288
#029,#002299
#02A,#0022AA
#02B,#0022BB
#02C,#0022CC
#02E,#0022EE
#02F,#0022FF
#030,#003300
#031,#003311
#032,#003322
#033,#003333
#035,#003355
#037,#003377
#038,#003388
#03A,#0033AA
#03B,#0033BB
#03D,#0033DD
#03E,#0033EE
#041,#004411
#042,#004422
#043,#004433
#044,#004444
#045,#004455
#046,#004466
#047,#004477
#048,#004488
#049,#004499
#04B,#0044BB
#04C,#0044CC
#04D,#0044DD
#04E,#0044EE
#050,#005500
#051,#005511
#052,#005522
#053,#005533
#054,#005544
#055,#005555
#056,#005566
#057,#005577
#058,#005588
#059,#005599
#05A,#0055AA
#05B,#0055BB
#05C,#0055CC
#05D,#0055DD
#05E,#0055EE
#061,#006611
#063,#006633
#064,#006644
#065,#006655
#066,#006666
#067,#006677
#068,#006688
#06A,#0066AA
#06B,#0066BB
#06D,#0066DD
#06E,#0066EE
#070,#007700
#071,#007711
#072,#007722
#073,#007733
#074,#007744
#075,#007755
#076,#007766
#078,#007788
#079,#007799
#07A,#0077AA
#07B,#0077BB
#07C,#0077CC
#07D,#0077DD
#081,#008811
#082,#008822
#083,#008833
#084,#008844
#085,#008855
#086,#008866
#087,#008877
#088,#008888
#089,#008899
#08A,#0088AA
#08B,#0088BB
#08D,#0088DD
#08E,#0088EE
#090,#009900
#091,#009911
#092,#009922
#093,#009933
#094,#009944
#095,#009955
#096,#009966
#097,#009977
#098,#009988
#09A,#0099AA
#09B,#0099BB
#09C,#0099CC
#09D,#0099DD
#0A1,#00AA11
#0A2,#00AA22
#0A3,#00AA33
#0A4,#00AA44
#0A5,#00AA55
#0A6,#00AA66
#0A7,#00AA77
#0A8,#00AA88
#0A9,#00AA99
#0AC,#00AACC
#0AD,#00AADD
#0AE,#00AAEE
#0B0,#00BB00
#0B1,#00BB11
#0B2,#00BB22
#0B3,#00BB33
#0B4,#00BB44
#0B5,#00BB55
#0B6,#00BB66
#0B7,#00BB77
#0B8,#00BB88
#0B9,#00BB99
#0BA,#00BBAA
#0BB,#00BBBB
#0BC,#00BBCC
#0BD,#00BBDD
#0BE,#00BBEE
#0BF,#00BBFF
#0C0,#00CC00
#0C1,#00CC11
#0C2,#00CC22
#0C3,#00CC33
#0C4,#00CC44
#0C5,#00CC55
#0C6,#00CC66
#0C7,#00CC77
#0C8,#00CC88
#0C9,#00CC99
#0CA,#00CCAA
#0CB,#00CCBB
#0CC,#00CCCC
#0CD,#00CCDD
#0CE,#00CCEE
#0CF,#00CCFF
#0D0,#00DD00
#0D1,#00DD11
#0D2,#00DD22
#0D3,#00DD33
#0D4,#00DD44
#0D5,#00DD55
#0D6,#00DD66
#0D7,#00DD77
#0D8,#00DD88
#0D9,#00DD99
#0DA,#00DDAA
#0DB,#00DDBB
#0DC,#00DDCC
#0DD,#00DDDD
#0DE,#00DDEE
#0E0,#00EE00
#0E1,#00EE11
#0E2,#00EE22
#0E3,#00EE33
#0E4,#00EE44
#0E5,#00EE55
#0E6,#00EE66
#0E7,#00EE77
#0E8,#00EE88
#0E9,#00EE99
#0EA,#00EEAA
#0EB,#00EEBB
#0EC,#00EECC
#0ED,#00EEDD
#0EE,#00EEEE
#0F1,#00FF11
#0F2,#00FF22
#0F3,#00FF33
#0F5,#00FF55
#0F6,#00FF66
#0F7,#00FF77
#0F9,#00FF99
#0FB,#00FFBB
#0FC,#00FFCC
#0FD,#00FFDD
#0FE,#00FFEE
#102,#110022
#103,#110033
#104,#110044
#105,#110055
#106,#110066
#108,#110088
#109,#110099
#10B,#1100BB
#10C,#1100CC
#10D,#1100DD
#10E,#1100EE
#110,#111100
#112,#111122
#113,#111133
#114,#111144
#115,#111155
#116,#111166
#118,#111188
#119,#111199
#11A,#1111AA
#11B,#1111BB
#11C,#1111CC
#11D,#1111DD
#11E,#1111EE
#11F,#1111FF
#120,#112200
#121,#112211
#122,#112222
#124,#112244
#125,#112255
#126,#112266
#127,#112277
#128,#112288
#129,#112299
#12A,#1122AA
#12B,#1122BB
#12C,#1122CC
#12D,#1122DD
#12E,#1122EE
#12F,#1122FF
#130,#113300
#131,#113311
#132,#113322
#133,#113333
#134,#113344
#135,#113355
#136,#113366
#137,#113377
#138,#113388
#139,#113399
#13A,#1133AA
#13B,#1133BB
#13C,#1133CC
#13D,#1133DD
#13E,#1133EE
#13F,#1133FF
#140,#114400
#141,#114411
#142,#114422
#144,#114444
#145,#114455
#146,#114466
#147,#114477
#148,#114488
#149,#114499
#14A,#1144AA
#14B,#1144BB
#14C,#1144CC
#14D,#1144DD
#14E,#1144EE
#14F,#1144FF
#150,#115500
#151,#115511
#152,#115522
#153,#115533
#154,#115544
#155,#115555
#156,#115566
#157,#115577
#158,#115588
#159,#115599
#15A,#1155AA
#15B,#1155BB
#15C,#1155CC
#15D,#1155DD
#15E,#1155EE
#15F,#1155FF
#160,#116600
#161,#116611
#162,#116622
#163,#116633
#164,#116644
#165,#116655
#166,#116666
#167,#116677
#168,#116688
#169,#116699
#16A,#1166AA
#16B,#1166BB
#16C,#1166CC
#16D,#1166DD
#16E,#1166EE
#16F,#1166FF
#170,#117700
#171,#117711
#172,#117722
#173,#117733
#174,#117744
#175,#117755
#176,#117766
#177,#117777
#178,#117788
#179,#117799
#17A,#1177AA
#17B,#1177BB
#17C,#1177CC
#17D,#1177DD
#17E,#1177EE
#17F,#1177FF
#180,#118800
#181,#118811
#182,#118822
#183,#118833
#184,#118844
#185,#118855
#187,#118877
#188,#118888
#189,#118899
#18A,#1188AA
#18B,#1188BB
#18C,#1188CC
#18D,#1188DD
#18E,#1188EE
#18F,#1188FF
#190,#119900
#192,#119922
#193,#119933
#194,#119944
#195,#119955
#196,#119966
#197,#119977
#198,#119988
#199,#119999
#19A,#1199AA
#19B,#1199BB
#19C,#1199CC
#19D,#1199DD
#19E,#1199EE
#19F,#1199FF
#1A0,#11AA00
#1A2,#11AA22
#1A3,#11AA33
#1A4,#11AA44
#1A5,#11AA55
#1A6,#11AA66
#1A7,#11AA77
#1A8,#11AA88
#1A9,#11AA99
#1AA,#11AAAA
#1AB,#11AABB
#1AC,#11AACC
#1AD,#11AADD
#1AE,#11AAEE
#1AF,#11AAFF
#1B0,#11BB00
#1B1,#11BB11
#1B2,#11BB22
#1B3,#11BB33
#1B4,#11BB44
#1B5,#11BB55
#1B6,#11BB66
#1B7,#11BB77
#1B8,#11BB88
#1B9,#11BB99
#1BA,#11BBAA
#1BB,#11BBBB
#1BC,#11BBCC
#1BD,#11BBDD
#1BE,#11BBEE
#1BF,#11BBFF
#1C0,#11CC00
#1C2,#11CC22
#1C3,#11CC33
#1C4,#11CC44
#1C5,#11CC55
#1C6,#11CC66
#1C7,#11CC77
#1C8,#11CC88
#1C9,#11CC99
#1CA,#11CCAA
#1CB,#11CCBB
#1CC,#11CCCC
#1CD,#11CCDD
#1CE,#11CCEE
#1CF,#11CCFF
#1D0,#11DD00
#1D1,#11DD11
#1D2,#11DD22
#1D3,#11DD33
#1D4,#11DD44
#1D5,#11DD55
#1D6,#11DD66
#1D7,#11DD77
#1D8,#11DD88
#1D9,#11DD99
#1DA,#11DDAA
#1DB,#11DDBB
#1DC,#11DDCC
#1DD,#11DDDD
#1DE,#11DDEE
#1DF,#11DDFF
#1E0,#11EE00
#1E1,#11EE11
#1E2,#11EE22
#1E3,#11EE33
#1E4,#11EE44
#1E5,#11EE55
#1E6,#11EE66
#1E7,#11EE77
#1E8,#11EE88
#1E9,#11EE99
#1EA,#11EEAA
#1EB,#11EEBB
#1EC,#11EECC
#1ED,#11EEDD
#1EE,#11EEEE
#1EF,#11EEFF
#1F2,#11FF22
#1F3,#11FF33
#1F4,#11FF44
#1F5,#11FF55
#1F6,#11FF66
#1F7,#11FF77
#1F8,#11FF88
#1F9,#11FF99
#1FA,#11FFAA
#1FB,#11FFBB
#1FC,#11FFCC
#1FD,#11FFDD
#1FE,#11FFEE
#1FF,#11FFFF
#201,#220011
#202,#220022
#203,#220033
#204,#220044
#205,#220055
#206,#220066
#207,#220077
#208,#220088
#209,#220099
#20A,#2200AA
#20B,#2200BB
#20C,#2200CC
#20D,#2200DD
#20E,#2200EE
#20F,#2200FF
#210,#221100
#211,#221111
#212,#221122
#213,#221133
#214,#221144
#215,#221155
#216,#221166
#217,#221177
#218,#221188
#219,#221199
#21A,#2211AA
#21B,#2211BB
#21C,#2211CC
#21D,#2211DD
#21E,#2211EE
#21F,#2211FF
#220,#222200
#221,#222211
#223,#222233
#224,#222244
#225,#222255
#226,#222266
#227,#222277
#228,#222288
#229,#222299
#22A,#2222AA
#22B,#2222BB
#22C,#2222CC
#22D,#2222DD
#22E,#2222EE
#22F,#2222FF
#230,#223300
#231,#223311
#232,#223322
#233,#223333
#235,#223355
#236,#223366
#237,#223377
#238,#223388
#239,#223399
#23A,#2233AA
#23B,#2233BB
#23C,#2233CC
#23D,#2233DD
#23E,#2233EE
#23F,#2233FF
#240,#224400
#242,#224422
#243,#224433
#244,#224444
#245,#224455
#246,#224466
#247,#224477
#249,#224499
#24A,#2244AA
#24B,#2244BB
#24C,#2244CC
#24D,#2244DD
#24E,#2244EE
#24F,#2244FF
#250,#225500
#251,#225511
#252,#225522
#253,#225533
#254,#225544
#255,#225555
#257,#225577
#258,#225588
#259,#225599
#25A,#2255AA
#25B,#2255BB
#25C,#2255CC
#25D,#2255DD
#25E,#2255EE
#25F,#2255FF
#260,#226600
#261,#226611
#262,#226622
#263,#226633
#264,#226644
#265,#226655
#266,#226666
#267,#226677
#268,#226688
#269,#226699
#26A,#2266AA
#26B,#2266BB
#26C,#2266CC
#26D,#2266DD
#26E,#2266EE
#26F,#2266FF
#270,#227700
#271,#227711
#272,#227722
#274,#227744
#275,#227755
#276,#227766
#277,#227777
#278,#227788
#279,#227799
#27A,#2277AA
#27B,#2277BB
#27C,#2277CC
#27D,#2277DD
#27E,#2277EE
#27F,#2277FF
#280,#228800
#281,#228811
#282,#228822
#283,#228833
#284,#228844
#285,#228855
#286,#228866
#287,#228877
#288,#228888
#289,#228899
#28A,#2288AA
#28B,#2288BB
#28C,#2288CC
#28D,#2288DD
#28E,#2288EE
#28F,#2288FF
#290,#229900
#291,#229911
#292,#229922
#293,#229933
#294,#229944
#295,#229955
#296,#229966
#297,#229977
#298,#229988
#299,#229999
#29A,#2299AA
#29B,#2299BB
#29C,#2299CC
#29D,#2299DD
#29E,#2299EE
#29F,#2299FF
#2A0,#22AA00
#2A1,#22AA11
#2A2,#22AA22
#2A3,#22AA33
#2A4,#22AA44
#2A5,#22AA55
#2A6,#22AA66
#2A7,#22AA77
#2A8,#22AA88
#2A9,#22AA99
#2AA,#22AAAA
#2AB,#22AABB
#2AC,#22AACC
#2AD,#22AADD
#2AE,#22AAEE
#2AF,#22AAFF
#2B0,#22BB00
#2B1,#22BB11
#2B2,#22BB22
#2B3,#22BB33
#2B4,#22BB44
#2B5,#22BB55
#2B6,#22BB66
#2B7,#22BB77
#2B8,#22BB88
#2B9,#22BB99
#2BA,#22BBAA
#2BB,#22BBBB
#2BC,#22BBCC
#2BD,#22BBDD
#2BE,#22BBEE
#2BF,#22BBFF
#2C0,#22CC00
#2C1,#22CC11
#2C2,#22CC22
#2C3,#22CC33
#2C4,#22CC44
#2C5,#22CC55
#2C6,#22CC66
#2C7,#22CC77
#2C8,#22CC88
#2C9,#22CC99
#2CA,#22CCAA
#2CB,#22CCBB
#2CC,#22CCCC
#2CD,#22CCDD
#2CE,#22CCEE
#2CF,#22CCFF
#2D0,#22DD00
#2D1,#22DD11
#2D2,#22DD22
#2D3,#22DD33
#2D4,#22DD44
#2D5,#22DD55
#2D6,#22DD66
#2D7,#22DD77
#2D8,#22DD88
#2D9,#22DD99
#2DA,#22DDAA
#2DB,#22DDBB
#2DC,#22DDCC
#2DD,#22DDDD
#2DE,#22DDEE
#2DF,#22DDFF
#2E0,#22EE00
#2E1,#22EE11
#2E2,#22EE22
#2E3,#22EE33
#2E4,#22EE44
#2E5,#22EE55
#2E6,#22EE66
#2E7,#22EE77
#2E8,#22EE88
#2E9,#22EE99
#2EA,#22EEAA
#2EB,#22EEBB
#2EC,#22EECC
#2ED,#22EEDD
#2EE,#22EEEE
#2EF,#22EEFF
#2F1,#22FF11
#2F2,#22FF22
#2F3,#22FF33
#2F4,#22FF44
#2F5,#22FF55
#2F7,#22FF77
#2F8,#22FF88
#2F9,#22FF99
#2FC,#22FFCC
#2FD,#22FFDD
#2FE,#22FFEE
#2FF,#22FFFF
#301,#330011
#302,#330022
#303,#330033
#305,#330055
#306,#330066
#307,#330077
#308,#330088
#30A,#3300AA
#30B,#3300BB
#30C,#3300CC
#30D,#3300DD
#30E,#3300EE
#310,#331100
#311,#331111
#312,#331122
#313,#331133
#314,#331144
#315,#331155
#316,#331166
#317,#331177
#318,#331188
#319,#331199
#31A,#3311AA
#31B,#3311BB
#31C,#3311CC
#31D,#3311DD
#31E,#3311EE
#31F,#3311FF
#320,#332200
#322,#332222
#323,#332233
#324,#332244
#325,#332255
#326,#332266
#327,#332277
#328,#332288
#329,#332299
#32A,#3322AA
#32B,#3322BB
#32C,#3322CC
#32D,#3322DD
#32E,#3322EE
#32F,#3322FF
#330,#333300
#331,#333311
#332,#333322
#334,#333344
#335,#333355
#336,#333366
#337,#333377
#338,#333388
#339,#333399
#33A,#3333AA
#33B,#3333BB
#33C,#3333CC
#33D,#3333DD
#33E,#3333EE
#33F,#3333FF
#340,#334400
#341,#334411
#342,#334422
#343,#334433
#344,#334444
#345,#334455
#346,#334466
#347,#334477
#348,#334488
#349,#334499
#34A,#3344AA
#34B,#3344BB
#34C,#3344CC
#34D,#3344DD
#34E,#3344EE
#34F,#3344FF
#350,#335500
#351,#335511
#352,#335522
#353,#335533
#354,#335544
#355,#335555
#356,#335566
#357,#335577
#358,#335588
#359,#335599
#35A,#3355AA
#35B,#3355BB
#35C,#3355CC
#35D,#3355DD
#35E,#3355EE
#35F,#3355FF
#360,#336600
#361,#336611
#362,#336622
#364,#336644
#365,#336655
#366,#336666
#367,#336677
#368,#336688
#36A,#3366AA
#36B,#3366BB
#36D,#3366DD
#36E,#3366EE
#36F,#3366FF
#370,#337700
#371,#337711
#372,#337722
#373,#337733
#374,#337744
#375,#337755
#376,#337766
#377,#337777
#378,#337788
#379,#337799
#37A,#3377AA
#37B,#3377BB
#37C,#3377CC
#37D,#3377DD
#37E,#3377EE
#37F,#3377FF
#380,#338800
#381,#338811
#382,#338822
#383,#338833
#384,#338844
#385,#338855
#386,#338866
#387,#338877
#388,#338888
#389,#338899
#38A,#3388AA
#38B,#3388BB
#38C,#3388CC
#38D,#3388DD
#38E,#3388EE
#38F,#3388FF
#390,#339900
#391,#339911
#392,#339922
#394,#339944
#395,#339955
#396,#339966
#397,#339977
#398,#339988
#399,#339999
#39A,#3399AA
#39B,#3399BB
#39C,#3399CC
#39D,#3399DD
#39E,#3399EE
#39F,#3399FF
#3A0,#33AA00
#3A1,#33AA11
#3A2,#33AA22
#3A3,#33AA33
#3A4,#33AA44
#3A5,#33AA55
#3A6,#33AA66
#3A7,#33AA77
#3A8,#33AA88
#3A9,#33AA99
#3AA,#33AAAA
#3AB,#33AABB
#3AC,#33AACC
#3AD,#33AADD
#3AE,#33AAEE
#3AF,#33AAFF
#3B0,#33BB00
#3B1,#33BB11
#3B2,#33BB22
#3B3,#33BB33
#3B4,#33BB44
#3B5,#33BB55
#3B6,#33BB66
#3B7,#33BB77
#3B8,#33BB88
#3B9,#33BB99
#3BA,#33BBAA
#3BB,#33BBBB
#3BC,#33BBCC
#3BD,#33BBDD
#3BE,#33BBEE
#3BF,#33BBFF
#3C0,#33CC00
#3C1,#33CC11
#3C2,#33CC22
#3C3,#33CC33
#3C4,#33CC44
#3C5,#33CC55
#3C6,#33CC66
#3C7,#33CC77
#3C8,#33CC88
#3CA,#33CCAA
#3CB,#33CCBB
#3CC,#33CCCC
#3CD,#33CCDD
#3CE,#33CCEE
#3CF,#33CCFF
#3D0,#33DD00
#3D1,#33DD11
#3D2,#33DD22
#3D3,#33DD33
#3D4,#33DD44
#3D5,#33DD55
#3D6,#33DD66
#3D7,#33DD77
#3D8,#33DD88
#3D9,#33DD99
#3DA,#33DDAA
#3DB,#33DDBB
#3DC,#33DDCC
#3DD,#33DDDD
#3DE,#33DDEE
#3DF,#33DDFF
#3E0,#33EE00
#3E1,#33EE11
#3E2,#33EE22
#3E3,#33EE33
#3E4,#33EE44
#3E5,#33EE55
#3E6,#33EE66
#3E7,#33EE77
#3E8,#33EE88
#3E9,#33EE99
#3EA,#33EEAA
#3EB,#33EEBB
#3EC,#33EECC
#3ED,#33EEDD
#3EE,#33EEEE
#3EF,#33EEFF
#3F1,#33FF11
#3F2,#33FF22
#3F3,#33FF33
#3F4,#33FF44
#3F5,#33FF55
#3F6,#33FF66
#3F7,#33FF77
#3F8,#33FF88
#3F9,#33FF99
#3FA,#33FFAA
#3FB,#33FFBB
#3FC,#33FFCC
#3FD,#33FFDD
#3FE,#33FFEE
#401,#440011
#402,#440022
#403,#440033
#404,#440044
#405,#440055
#406,#440066
#407,#440077
#408,#440088
#40A,#4400AA
#40B,#4400BB
#40C,#4400CC
#40D,#4400DD
#40E,#4400EE
#40F,#4400FF
#410,#441100
#411,#441111
#412,#441122
#413,#441133
#414,#441144
#415,#441155
#416,#441166
#417,#441177
#418,#441188
#419,#441199
#41A,#4411AA
#41B,#4411BB
#41C,#4411CC
#41D,#4411DD
#41E,#4411EE
#41F,#4411FF
#421,#442211
#422,#442222
#423,#442233
#424,#442244
#425,#442255
#426,#442266
#427,#442277
#428,#442288
#429,#442299
#42A,#4422AA
#42B,#4422BB
#42C,#4422CC
#42D,#4422DD
#42E,#4422EE
#42F,#4422FF
#430,#443300
#431,#443311
#432,#443322
#433,#443333
#434,#443344
#435,#443355
#436,#443366
#437,#443377
#438,#443388
#439,#443399
#43A,#4433AA
#43B,#4433BB
#43C,#4433CC
#43D,#4433DD
#43E,#4433EE
#43F,#4433FF
#440,#444400
#441,#444411
#442,#444422
#443,#444433
#445,#444455
#446,#444466
#447,#444477
#448,#444488
#449,#444499
#44A,#4444AA
#44B,#4444BB
#44C,#4444CC
#44D,#4444DD
#44E,#4444EE
#44F,#4444FF
#450,#445500
#451,#445511
#452,#445522
#453,#445533
#454,#445544
#455,#445555
#457,#445577
#458,#445588
#459,#445599
#45B,#4455BB
#45C,#4455CC
#45D,#4455DD
#45E,#4455EE
#45F,#4455FF
#460,#446600
#461,#446611
#462,#446622
#463,#446633
#464,#446644
#465,#446655
#466,#446666
#467,#446677
#468,#446688
#469,#446699
#46A,#4466AA
#46B,#4466BB
#46C,#4466CC
#46D,#4466DD
#46E,#4466EE
#46F,#4466FF
#470,#447700
#471,#447711
#472,#447722
#473,#447733
#474,#447744
#475,#447755
#476,#447766
#477,#447777
#478,#447788
#479,#447799
#47A,#4477AA
#47B,#4477BB
#47C,#4477CC
#47D,#4477DD
#47E,#4477EE
#47F,#4477FF
#480,#448800
#481,#448811
#482,#448822
#483,#448833
#484,#448844
#485,#448855
#486,#448866
#487,#448877
#488,#448888
#489,#448899
#48A,#4488AA
#48B,#4488BB
#48C,#4488CC
#48D,#4488DD
#48E,#4488EE
#48F,#4488FF
#490,#449900
#491,#449911
#492,#449922
#493,#449933
#494,#449944
#495,#449955
#496,#449966
#497,#449977
#498,#449988
#499,#449999
#49A,#4499AA
#49B,#4499BB
#49C,#4499CC
#49D,#4499DD
#49E,#4499EE
#49F,#4499FF
#4A0,#44AA00
#4A1,#44AA11
#4A2,#44AA22
#4A3,#44AA33
#4A4,#44AA44
#4A5,#44AA55
#4A6,#44AA66
#4A7,#44AA77
#4A8,#44AA88
#4A9,#44AA99
#4AA,#44AAAA
#4AB,#44AABB
#4AC,#44AACC
#4AD,#44AADD
#4AE,#44AAEE
#4AF,#44AAFF
#4B0,#44BB00
#4B1,#44BB11
#4B2,#44BB22
#4B3,#44BB33
#4B4,#44BB44
#4B5,#44BB55
#4B6,#44BB66
#4B7,#44BB77
#4B8,#44BB88
#4B9,#44BB99
#4BA,#44BBAA
#4BB,#44BBBB
#4BC,#44BBCC
#4BD,#44BBDD
#4BE,#44BBEE
#4BF,#44BBFF
#4C0,#44CC00
#4C1,#44CC11
#4C2,#44CC22
#4C3,#44CC33
#4C4,#44CC44
#4C5,#44CC55
#4C6,#44CC66
#4C7,#44CC77
#4C8,#44CC88
#4C9,#44CC99
#4CA,#44CCAA
#4CB,#44CCBB
#4CC,#44CCCC
#4CD,#44CCDD
#4CE,#44CCEE
#4CF,#44CCFF
#4D0,#44DD00
#4D1,#44DD11
#4D2,#44DD22
#4D3,#44DD33
#4D4,#44DD44
#4D5,#44DD55
#4D6,#44DD66
#4D7,#44DD77
#4D8,#44DD88
#4D9,#44DD99
#4DA,#44DDAA
#4DB,#44DDBB
#4DC,#44DDCC
#4DD,#44DDDD
#4DE,#44DDEE
#4DF,#44DDFF
#4E0,#44EE00
#4E1,#44EE11
#4E2,#44EE22
#4E3,#44EE33
#4E4,#44EE44
#4E5,#44EE55
#4E6,#44EE66
#4E7,#44EE77
#4E8,#44EE88
#4E9,#44EE99
#4EA,#44EEAA
#4EB,#44EEBB
#4EC,#44EECC
#4ED,#44EEDD
#4EE,#44EEEE
#4EF,#44EEFF
#4F0,#44FF00
#4F1,#44FF11
#4F2,#44FF22
#4F3,#44FF33
#4F4,#44FF44
#4F5,#44FF55
#4F6,#44FF66
#4F7,#44FF77
#4F8,#44FF88
#4F9,#44FF99
#4FA,#44FFAA
#4FB,#44FFBB
#4FC,#44FFCC
#4FD,#44FFDD
#4FE,#44FFEE
#4FF,#44FFFF
#501,#550011
#502,#550022
#503,#550033
#504,#550044
#505,#550055
#506,#550066
#508,#550088
#509,#550099
#50A,#5500AA
#50B,#5500BB
#50C,#5500CC
#50D,#5500DD
#50E,#5500EE
#50F,#5500FF
#510,#551100
#511,#551111
#512,#551122
#513,#551133
#514,#551144
#515,#551155
#516,#551166
#517,#551177
#518,#551188
#519,#551199
#51A,#5511AA
#51B,#5511BB
#51D,#5511DD
#51E,#5511EE
#51F,#5511FF
#520,#552200
#521,#552211
#522,#552222
#523,#552233
#524,#552244
#525,#552255
#526,#552266
#527,#552277
#528,#552288
#529,#552299
#52A,#5522AA
#52B,#5522BB
#52C,#5522CC
#52D,#5522DD
#52E,#5522EE
#52F,#5522FF
#531,#553311
#532,#553322
#533,#553333
#534,#553344
#535,#553355
#536,#553366
#537,#553377
#538,#553388
#539,#553399
#53A,#5533AA
#53B,#5533BB
#53C,#5533CC
#53D,#5533DD
#53E,#5533EE
#53F,#5533FF
#540,#554400
#541,#554411
#542,#554422
#543,#554433
#544,#554444
#545,#554455
#546,#554466
#547,#554477
#548,#554488
#549,#554499
#54A,#5544AA
#54B,#5544BB
#54C,#5544CC
#54D,#5544DD
#54E,#5544EE
#54F,#5544FF
#550,#555500
#551,#555511
#552,#555522
#553,#555533
#554,#555544
#556,#555566
#557,#555577
#558,#555588
#559,#555599
#55A,#5555AA
#55B,#5555BB
#55C,#5555CC
#55D,#5555DD
#55E,#5555EE
#55F,#5555FF
#560,#556600
#561,#556611
#562,#556622
#563,#556633
#564,#556644
#565,#556655
#566,#556666
#567,#556677
#568,#556688
#569,#556699
#56A,#5566AA
#56B,#5566BB
#56C,#5566CC
#56D,#5566DD
#56E,#5566EE
#56F,#5566FF
#570,#557700
#571,#557711
#572,#557722
#573,#557733
#574,#557744
#575,#557755
#576,#557766
#577,#557777
#578,#557788
#579,#557799
#57A,#5577AA
#57B,#5577BB
#57C,#5577CC
#57D,#5577DD
#57E,#5577EE
#57F,#5577FF
#580,#558800
#581,#558811
#582,#558822
#583,#558833
#584,#558844
#585,#558855
#586,#558866
#587,#558877
#588,#558888
#589,#558899
#58A,#5588AA
#58B,#5588BB
#58C,#5588CC
#58D,#5588DD
#58E,#5588EE
#58F,#5588FF
#590,#559900
#591,#559911
#592,#559922
#593,#559933
#594,#559944
#595,#559955
#596,#559966
#597,#559977
#598,#559988
#599,#559999
#59A,#5599AA
#59B,#5599BB
#59C,#5599CC
#59D,#5599DD
#59E,#5599EE
#59F,#5599FF
#5A0,#55AA00
#5A1,#55AA11
#5A2,#55AA22
#5A3,#55AA33
#5A4,#55AA44
#5A5,#55AA55
#5A6,#55AA66
#5A7,#55AA77
#5A8,#55AA88
#5A9,#55AA99
#5AA,#55AAAA
#5AB,#55AABB
#5AC,#55AACC
#5AE,#55AAEE
#5AF,#55AAFF
#5B0,#55BB00
#5B1,#55BB11
#5B2,#55BB22
#5B3,#55BB33
#5B4,#55BB44
#5B5,#55BB55
#5B6,#55BB66
#5B7,#55BB77
#5B8,#55BB88
#5B9,#55BB99
#5BA,#55BBAA
#5BB,#55BBBB
#5BC,#55BBCC
#5BD,#55BBDD
#5BE,#55BBEE
#5BF,#55BBFF
#5C0,#55CC00
#5C1,#55CC11
#5C2,#55CC22
#5C3,#55CC33
#5C4,#55CC44
#5C5,#55CC55
#5C6,#55CC66
#5C7,#55CC77
#5C8,#55CC88
#5C9,#55CC99
#5CA,#55CCAA
#5CB,#55CCBB
#5CC,#55CCCC
#5CD,#55CCDD
#5CE,#55CCEE
#5CF,#55CCFF
#5D0,#55DD00
#5D1,#55DD11
#5D2,#55DD22
#5D3,#55DD33
#5D4,#55DD44
#5D5,#55DD55
#5D6,#55DD66
#5D7,#55DD77
#5D8,#55DD88
#5D9,#55DD99
#5DA,#55DDAA
#5DB,#55DDBB
#5DC,#55DDCC
#5DD,#55DDDD
#5DE,#55DDEE
#5DF,#55DDFF
#5E0,#55EE00
#5E1,#55EE11
#5E2,#55EE22
#5E3,#55EE33
#5E4,#55EE44
#5E5,#55EE55
#5E6,#55EE66
#5E7,#55EE77
#5E8,#55EE88
#5E9,#55EE99
#5EA,#55EEAA
#5EB,#55EEBB
#5EC,#55EECC
#5ED,#55EEDD
#5EE,#55EEEE
#5EF,#55EEFF
#5F0,#55FF00
#5F1,#55FF11
#5F2,#55FF22
#5F3,#55FF33
#5F4,#55FF44
#5F5,#55FF55
#5F6,#55FF66
#5F7,#55FF77
#5F8,#55FF88
#5F9,#55FF99
#5FA,#55FFAA
#5FB,#55FFBB
#5FC,#55FFCC
#5FE,#55FFEE
#5FF,#55FFFF
#601,#660011
#602,#660022
#603,#660033
#604,#660044
#605,#660055
#607,#660077
#608,#660088
#60A,#6600AA
#60B,#6600BB
#60C,#6600CC
#60D,#6600DD
#60E,#6600EE
#610,#661100
#611,#661111
#612,#661122
#613,#661133
#614,#661144
#615,#661155
#616,#661166
#617,#661177
#618,#661188
#619,#661199
#61A,#6611AA
#61B,#6611BB
#61C,#6611CC
#61D,#6611DD
#61E,#6611EE
#61F,#6611FF
#620,#662200
#621,#662211
#622,#662222
#623,#662233
#624,#662244
#625,#662255
#626,#662266
#627,#662277
#628,#662288
#629,#662299
#62A,#6622AA
#62B,#6622BB
#62C,#6622CC
#62D,#6622DD
#62E,#6622EE
#62F,#6622FF
#630,#663300
#631,#663311
#632,#663322
#633,#663333
#634,#663344
#635,#663355
#636,#663366
#637,#663377
#638,#663388
#63A,#6633AA
#63B,#6633BB
#63C,#6633CC
#63D,#6633DD
#63E,#6633EE
#63F,#6633FF
#640,#664400
#641,#664411
#642,#664422
#644,#664444
#645,#664455
#646,#664466
#647,#664477
#648,#664488
#649,#664499
#64A,#6644AA
#64B,#6644BB
#64C,#6644CC
#64D,#6644DD
#64E,#6644EE
#64F,#6644FF
#650,#665500
#651,#665511
#652,#665522
#653,#665533
#654,#665544
#655,#665555
#656,#665566
#657,#665577
#658,#665588
#659,#665599
#65A,#6655AA
#65B,#6655BB
#65C,#6655CC
#65D,#6655DD
#65E,#6655EE
#65F,#6655FF
#660,#666600
#661,#666611
#662,#666622
#663,#666633
#664,#666644
#665,#666655
#667,#666677
#668,#666688
#66A,#6666AA
#66B,#6666BB
#66C,#6666CC
#66D,#6666DD
#66E,#6666EE
#66F,#6666FF
#670,#667700
#671,#667711
#672,#667722
#673,#667733
#674,#667744
#675,#667755
#676,#667766
#677,#667777
#678,#667788
#679,#667799
#67A,#6677AA
#67B,#6677BB
#67C,#6677CC
#67D,#6677DD
#67E,#6677EE
#67F,#6677FF
#680,#668800
#681,#668811
#682,#668822
#683,#668833
#684,#668844
#685,#668855
#686,#668866
#687,#668877
#688,#668888
#689,#668899
#68A,#6688AA
#68B,#6688BB
#68C,#6688CC
#68D,#6688DD
#68E,#6688EE
#68F,#6688FF
#691,#669911
#692,#669922
#693,#669933
#694,#669944
#695,#669955
#697,#669977
#698,#669988
#699,#669999
#69A,#6699AA
#69B,#6699BB
#69C,#6699CC
#69D,#6699DD
#69E,#6699EE
#69F,#6699FF
#6A0,#66AA00
#6A1,#66AA11
#6A2,#66AA22
#6A3,#66AA33
#6A4,#66AA44
#6A5,#66AA55
#6A6,#66AA66
#6A7,#66AA77
#6A8,#66AA88
#6A9,#66AA99
#6AA,#66AAAA
#6AB,#66AABB
#6AC,#66AACC
#6AD,#66AADD
#6AE,#66AAEE
#6AF,#66AAFF
#6B0,#66BB00
#6B1,#66BB11
#6B2,#66BB22
#6B3,#66BB33
#6B4,#66BB44
#6B5,#66BB55
#6B6,#66BB66
#6B7,#66BB77
#6B8,#66BB88
#6B9,#66BB99
#6BA,#66BBAA
#6BB,#66BBBB
#6BC,#66BBCC
#6BD,#66BBDD
#6BE,#66BBEE
#6BF,#66BBFF
#6C0,#66CC00
#6C1,#66CC11
#6C2,#66CC22
#6C3,#66CC33
#6C4,#66CC44
#6C5,#66CC55
#6C7,#66CC77
#6C8,#66CC88
#6C9,#66CC99
#6CA,#66CCAA
#6CB,#66CCBB
#6CD,#66CCDD
#6CE,#66CCEE
#6CF,#66CCFF
#6D0,#66DD00
#6D1,#66DD11
#6D2,#66DD22
#6D3,#66DD33
#6D4,#66DD44
#6D5,#66DD55
#6D6,#66DD66
#6D7,#66DD77
#6D8,#66DD88
#6D9,#66DD99
#6DA,#66DDAA
#6DB,#66DDBB
#6DC,#66DDCC
#6DD,#66DDDD
#6DE,#66DDEE
#6DF,#66DDFF
#6E0,#66EE00
#6E1,#66EE11
#6E2,#66EE22
#6E3,#66EE33
#6E4,#66EE44
#6E5,#66EE55
#6E6,#66EE66
#6E7,#66EE77
#6E8,#66EE88
#6E9,#66EE99
#6EA,#66EEAA
#6EB,#66EEBB
#6EC,#66EECC
#6ED,#66EEDD
#6EE,#66EEEE
#6EF,#66EEFF
#6F0,#66FF00
#6F1,#66FF11
#6F2,#66FF22
#6F3,#66FF33
#6F4,#66FF44
#6F5,#66FF55
#6F6,#66FF66
#6F7,#66FF77
#6F8,#66FF88
#6F9,#66FF99
#6FA,#66FFAA
#6FB,#66FFBB
#6FC,#66FFCC
#6FD,#66FFDD
#6FE,#66FFEE
#6FF,#66FFFF
#701,#770011
#702,#770022
#703,#770033
#704,#770044
#705,#770055
#706,#770066
#707,#770077
#709,#770099
#70B,#7700BB
#70C,#7700CC
#70D,#7700DD
#70E,#7700EE
#710,#771100
#711,#771111
#712,#771122
#713,#771133
#714,#771144
#715,#771155
#716,#771166
#717,#771177
#718,#771188
#719,#771199
#71A,#7711AA
#71B,#7711BB
#71C,#7711CC
#71D,#7711DD
#71E,#7711EE
#71F,#7711FF
#720,#772200
#721,#772211
#722,#772222
#723,#772233
#724,#772244
#725,#772255
#726,#772266
#727,#772277
#728,#772288
#729,#772299
#72A,#7722AA
#72B,#7722BB
#72C,#7722CC
#72D,#7722DD
#72E,#7722EE
#72F,#7722FF
#730,#773300
#731,#773311
#732,#773322
#733,#773333
#734,#773344
#735,#773355
#736,#773366
#737,#773377
#738,#773388
#739,#773399
#73A,#7733AA
#73B,#7733BB
#73C,#7733CC
#73D,#7733DD
#73E,#7733EE
#73F,#7733FF
#740,#774400
#741,#774411
#742,#774422
#743,#774433
#744,#774444
#745,#774455
#746,#774466
#747,#774477
#748,#774488
#749,#774499
#74A,#7744AA
#74B,#7744BB
#74C,#7744CC
#74D,#7744DD
#74E,#7744EE
#74F,#7744FF
#750,#775500
#751,#775511
#752,#775522
#753,#775533
#754,#775544
#755,#775555
#756,#775566
#757,#775577
#758,#775588
#759,#775599
#75A,#7755AA
#75B,#7755BB
#75C,#7755CC
#75D,#7755DD
#75E,#7755EE
#75F,#7755FF
#760,#776600
#761,#776611
#762,#776622
#763,#776633
#764,#776644
#765,#776655
#766,#776666
#767,#776677
#768,#776688
#76A,#7766AA
#76B,#7766BB
#76C,#7766CC
#76D,#7766DD
#76E,#7766EE
#76F,#7766FF
#770,#777700
#771,#777711
#772,#777722
#773,#777733
#774,#777744
#775,#777755
#776,#777766
#778,#777788
#779,#777799
#77B,#7777BB
#77C,#7777CC
#77D,#7777DD
#77E,#7777EE
#77F,#7777FF
#780,#778800
#781,#778811
#782,#778822
#783,#778833
#784,#778844
#785,#778855
#786,#778866
#787,#778877
#788,#778888
#78A,#7788AA
#78B,#7788BB
#78C,#7788CC
#78D,#7788DD
#78E,#7788EE
#78F,#7788FF
#790,#779900
#791,#779911
#792,#779922
#793,#779933
#794,#779944
#795,#779955
#796,#779966
#797,#779977
#798,#779988
#799,#779999
#79A,#7799AA
#79B,#7799BB
#79C,#7799CC
#79D,#7799DD
#79E,#7799EE
#79F,#7799FF
#7A0,#77AA00
#7A1,#77AA11
#7A2,#77AA22
#7A3,#77AA33
#7A4,#77AA44
#7A5,#77AA55
#7A6,#77AA66
#7A7,#77AA77
#7A8,#77AA88
#7A9,#77AA99
#7AA,#77AAAA
#7AB,#77AABB
#7AC,#77AACC
#7AD,#77AADD
#7AE,#77AAEE
#7AF,#77AAFF
#7B0,#77BB00
#7B1,#77BB11
#7B2,#77BB22
#7B3,#77BB33
#7B4,#77BB44
#7B5,#77BB55
#7B6,#77BB66
#7B7,#77BB77
#7B8,#77BB88
#7B9,#77BB99
#7BA,#77BBAA
#7BB,#77BBBB
#7BC,#77BBCC
#7BD,#77BBDD
#7BE,#77BBEE
#7BF,#77BBFF
#7C0,#77CC00
#7C1,#77CC11
#7C2,#77CC22
#7C3,#77CC33
#7C4,#77CC44
#7C5,#77CC55
#7C6,#77CC66
#7C7,#77CC77
#7C8,#77CC88
#7C9,#77CC99
#7CA,#77CCAA
#7CB,#77CCBB
#7CC,#77CCCC
#7CD,#77CCDD
#7CE,#77CCEE
#7CF,#77CCFF
#7D0,#77DD00
#7D1,#77DD11
#7D2,#77DD22
#7D3,#77DD33
#7D4,#77DD44
#7D5,#77DD55
#7D6,#77DD66
#7D7,#77DD77
#7D8,#77DD88
#7D9,#77DD99
#7DA,#77DDAA
#7DB,#77DDBB
#7DC,#77DDCC
#7DD,#77DDDD
#7DE,#77DDEE
#7DF,#77DDFF
#7E0,#77EE00
#7E1,#77EE11
#7E2,#77EE22
#7E3,#77EE33
#7E4,#77EE44
#7E5,#77EE55
#7E6,#77EE66
#7E7,#77EE77
#7E8,#77EE88
#7E9,#77EE99
#7EA,#77EEAA
#7EB,#77EEBB
#7EC,#77EECC
#7ED,#77EEDD
#7EE,#77EEEE
#7EF,#77EEFF
#7F1,#77FF11
#7F2,#77FF22
#7F3,#77FF33
#7F4,#77FF44
#7F5,#77FF55
#7F6,#77FF66
#7F7,#77FF77
#7F8,#77FF88
#7F9,#77FF99
#7FA,#77FFAA
#7FB,#77FFBB
#7FC,#77FFCC
#7FD,#77FFDD
#7FF,#77FFFF
#801,#880011
#802,#880022
#803,#880033
#804,#880044
#805,#880055
#806,#880066
#807,#880077
#809,#880099
#80A,#8800AA
#80B,#8800BB
#80C,#8800CC
#80D,#8800DD
#80E,#8800EE
#810,#881100
#811,#881111
#812,#881122
#813,#881133
#814,#881144
#815,#881155
#816,#881166
#817,#881177
#818,#881188
#819,#881199
#81A,#8811AA
#81B,#8811BB
#81C,#8811CC
#81D,#8811DD
#81E,#8811EE
#81F,#8811FF
#820,#882200
#821,#882211
#822,#882222
#823,#882233
#824,#882244
#825,#882255
#826,#882266
#827,#882277
#828,#882288
#829,#882299
#82A,#8822AA
#82B,#8822BB
#82C,#8822CC
#82D,#8822DD
#82E,#8822EE
#82F,#8822FF
#830,#883300
#831,#883311
#832,#883322
#833,#883333
#834,#883344
#835,#883355
#836,#883366
#837,#883377
#838,#883388
#839,#883399
#83A,#8833AA
#83B,#8833BB
#83C,#8833CC
#83D,#8833DD
#83E,#8833EE
#83F,#8833FF
#840,#884400
#841,#884411
#842,#884422
#843,#884433
#844,#884444
#845,#884455
#846,#884466
#847,#884477
#848,#884488
#849,#884499
#84A,#8844AA
#84B,#8844BB
#84C,#8844CC
#84D,#8844DD
#84E,#8844EE
#84F,#8844FF
#850,#885500
#851,#885511
#852,#885522
#853,#885533
#854,#885544
#855,#885555
#856,#885566
#857,#885577
#858,#885588
#859,#885599
#85A,#8855AA
#85B,#8855BB
#85C,#8855CC
#85D,#8855DD
#85E,#8855EE
#85F,#8855FF
#860,#886600
#861,#886611
#862,#886622
#863,#886633
#864,#886644
#865,#886655
#866,#886666
#867,#886677
#868,#886688
#869,#886699
#86A,#8866AA
#86B,#8866BB
#86C,#8866CC
#86D,#8866DD
#86E,#8866EE
#86F,#8866FF
#870,#887700
#871,#887711
#872,#887722
#873,#887733
#874,#887744
#875,#887755
#876,#887766
#877,#887777
#878,#887788
#879,#887799
#87A,#8877AA
#87B,#8877BB
#87C,#8877CC
#87D,#8877DD
#87E,#8877EE
#87F,#8877FF
#880,#888800
#881,#888811
#882,#888822
#883,#888833
#884,#888844
#885,#888855
#886,#888866
#887,#888877
#889,#888899
#88A,#8888AA
#88B,#8888BB
#88C,#8888CC
#88D,#8888DD
#88E,#8888EE
#88F,#8888FF
#890,#889900
#891,#889911
#892,#889922
#893,#889933
#894,#889944
#895,#889955
#896,#889966
#897,#889977
#898,#889988
#899,#889999
#89A,#8899AA
#89B,#8899BB
#89C,#8899CC
#89D,#8899DD
#89E,#8899EE
#89F,#8899FF
#8A0,#88AA00
#8A1,#88AA11
#8A2,#88AA22
#8A3,#88AA33
#8A4,#88AA44
#8A5,#88AA55
#8A6,#88AA66
#8A7,#88AA77
#8A8,#88AA88
#8A9,#88AA99
#8AA,#88AAAA
#8AB,#88AABB
#8AC,#88AACC
#8AD,#88AADD
#8AE,#88AAEE
#8AF,#88AAFF
#8B0,#88BB00
#8B1,#88BB11
#8B2,#88BB22
#8B3,#88BB33
#8B4,#88BB44
#8B5,#88BB55
#8B6,#88BB66
#8B7,#88BB77
#8B8,#88BB88
#8B9,#88BB99
#8BA,#88BBAA
#8BB,#88BBBB
#8BC,#88BBCC
#8BD,#88BBDD
#8BE,#88BBEE
#8BF,#88BBFF
#8C0,#88CC00
#8C1,#88CC11
#8C2,#88CC22
#8C3,#88CC33
#8C4,#88CC44
#8C5,#88CC55
#8C6,#88CC66
#8C7,#88CC77
#8C8,#88CC88
#8C9,#88CC99
#8CA,#88CCAA
#8CB,#88CCBB
#8CC,#88CCCC
#8CD,#88CCDD
#8CE,#88CCEE
#8CF,#88CCFF
#8D0,#88DD00
#8D1,#88DD11
#8D2,#88DD22
#8D3,#88DD33
#8D4,#88DD44
#8D5,#88DD55
#8D6,#88DD66
#8D7,#88DD77
#8D8,#88DD88
#8D9,#88DD99
#8DA,#88DDAA
#8DB,#88DDBB
#8DC,#88DDCC
#8DD,#88DDDD
#8DE,#88DDEE
#8DF,#88DDFF
#8E0,#88EE00
#8E1,#88EE11
#8E2,#88EE22
#8E3,#88EE33
#8E4,#88EE44
#8E5,#88EE55
#8E6,#88EE66
#8E7,#88EE77
#8E8,#88EE88
#8E9,#88EE99
#8EA,#88EEAA
#8EB,#88EEBB
#8EC,#88EECC
#8ED,#88EEDD
#8EE,#88EEEE
#8EF,#88EEFF
#8F1,#88FF11
#8F2,#88FF22
#8F3,#88FF33
#8F4,#88FF44
#8F5,#88FF55
#8F6,#88FF66
#8F7,#88FF77
#8F8,#88FF88
#8F9,#88FF99
#8FA,#88FFAA
#8FB,#88FFBB
#8FC,#88FFCC
#8FD,#88FFDD
#8FE,#88FFEE
#902,#990022
#903,#990033
#904,#990044
#905,#990055
#906,#990066
#907,#990077
#908,#990088
#909,#990099
#90A,#9900AA
#90B,#9900BB
#90C,#9900CC
#90D,#9900DD
#90E,#9900EE
#90F,#9900FF
#910,#991100
#911,#991111
#912,#991122
#913,#991133
#914,#991144
#915,#991155
#916,#991166
#917,#991177
#918,#991188
#919,#991199
#91A,#9911AA
#91B,#9911BB
#91C,#9911CC
#91D,#9911DD
#91E,#9911EE
#91F,#9911FF
#920,#992200
#921,#992211
#922,#992222
#923,#992233
#924,#992244
#925,#992255
#926,#992266
#927,#992277
#928,#992288
#929,#992299
#92A,#9922AA
#92B,#9922BB
#92D,#9922DD
#92E,#9922EE
#92F,#9922FF
#930,#993300
#931,#993311
#932,#993322
#933,#993333
#934,#993344
#935,#993355
#936,#993366
#937,#993377
#938,#993388
#939,#993399
#93A,#9933AA
#93B,#9933BB
#93C,#9933CC
#93D,#9933DD
#93E,#9933EE
#93F,#9933FF
#940,#994400
#941,#994411
#942,#994422
#943,#994433
#944,#994444
#945,#994455
#946,#994466
#947,#994477
#948,#994488
#949,#994499
#94A,#9944AA
#94B,#9944BB
#94C,#9944CC
#94D,#9944DD
#94E,#9944EE
#94F,#9944FF
#950,#995500
#951,#995511
#952,#995522
#953,#995533
#954,#995544
#955,#995555
#956,#995566
#957,#995577
#958,#995588
#959,#995599
#95A,#9955AA
#95B,#9955BB
#95C,#9955CC
#95D,#9955DD
#95E,#9955EE
#95F,#9955FF
#960,#996600
#961,#996611
#962,#996622
#963,#996633
#964,#996644
#965,#996655
#966,#996666
#967,#996677
#968,#996688
#969,#996699
#96A,#9966AA
#96B,#9966BB
#96D,#9966DD
#96E,#9966EE
#96F,#9966FF
#970,#997700
#971,#997711
#972,#997722
#973,#997733
#974,#997744
#975,#997755
#976,#997766
#977,#997777
#978,#997788
#979,#997799
#97A,#9977AA
#97B,#9977BB
#97C,#9977CC
#97D,#9977DD
#97E,#9977EE
#97F,#9977FF
#980,#998800
#981,#998811
#982,#998822
#983,#998833
#984,#998844
#985,#998855
#986,#998866
#987,#998877
#988,#998888
#989,#998899
#98A,#9988AA
#98B,#9988BB
#98C,#9988CC
#98D,#9988DD
#98E,#9988EE
#98F,#9988FF
#990,#999900
#991,#999911
#992,#999922
#993,#999933
#994,#999944
#995,#999955
#996,#999966
#997,#999977
#998,#999988
#99A,#9999AA
#99B,#9999BB
#99C,#9999CC
#99D,#9999DD
#99E,#9999EE
#99F,#9999FF
#9A0,#99AA00
#9A1,#99AA11
#9A2,#99AA22
#9A3,#99AA33
#9A4,#99AA44
#9A5,#99AA55
#9A6,#99AA66
#9A7,#99AA77
#9A8,#99AA88
#9A9,#99AA99
#9AA,#99AAAA
#9AB,#99AABB
#9AC,#99AACC
#9AD,#99AADD
#9AE,#99AAEE
#9AF,#99AAFF
#9B0,#99BB00
#9B1,#99BB11
#9B2,#99BB22
#9B3,#99BB33
#9B4,#99BB44
#9B5,#99BB55
#9B6,#99BB66
#9B7,#99BB77
#9B8,#99BB88
#9B9,#99BB99
#9BA,#99BBAA
#9BB,#99BBBB
#9BC,#99BBCC
#9BD,#99BBDD
#9BE,#99BBEE
#9BF,#99BBFF
#9C0,#99CC00
#9C1,#99CC11
#9C2,#99CC22
#9C3,#99CC33
#9C4,#99CC44
#9C5,#99CC55
#9C6,#99CC66
#9C7,#99CC77
#9C8,#99CC88
#9C9,#99CC99
#9CA,#99CCAA
#9CB,#99CCBB
#9CC,#99CCCC
#9CD,#99CCDD
#9CE,#99CCEE
#9D0,#99DD00
#9D1,#99DD11
#9D2,#99DD22
#9D3,#99DD33
#9D4,#99DD44
#9D5,#99DD55
#9D6,#99DD66
#9D7,#99DD77
#9D8,#99DD88
#9D9,#99DD99
#9DA,#99DDAA
#9DB,#99DDBB
#9DC,#99DDCC
#9DD,#99DDDD
#9DE,#99DDEE
#9DF,#99DDFF
#9E0,#99EE00
#9E1,#99EE11
#9E2,#99EE22
#9E3,#99EE33
#9E4,#99EE44
#9E5,#99EE55
#9E6,#99EE66
#9E7,#99EE77
#9E8,#99EE88
#9E9,#99EE99
#9EA,#99EEAA
#9EB,#99EEBB
#9EC,#99EECC
#9ED,#99EEDD
#9EE,#99EEEE
#9EF,#99EEFF
#9F1,#99FF11
#9F2,#99FF22
#9F3,#99FF33
#9F4,#99FF44
#9F5,#99FF55
#9F6,#99FF66
#9F7,#99FF77
#9F8,#99FF88
#9F9,#99FF99
#9FA,#99FFAA
#9FB,#99FFBB
#9FC,#99FFCC
#9FD,#99FFDD
#9FE,#99FFEE
#9FF,#99FFFF
#A01,#AA0011
#A02,#AA0022
#A03,#AA0033
#A04,#AA0044
#A05,#AA0055
#A06,#AA0066
#A07,#AA0077
#A08,#AA0088
#A09,#AA0099
#A0A,#AA00AA
#A0B,#AA00BB
#A0C,#AA00CC
#A0D,#AA00DD
#A0E,#AA00EE
#A10,#AA1100
#A11,#AA1111
#A12,#AA1122
#A13,#AA1133
#A14,#AA1144
#A15,#AA1155
#A16,#AA1166
#A17,#AA1177
#A18,#AA1188
#A19,#AA1199
#A1A,#AA11AA
#A1B,#AA11BB
#A1C,#AA11CC
#A1D,#AA11DD
#A1E,#AA11EE
#A1F,#AA11FF
#A20,#AA2200
#A21,#AA2211
#A22,#AA2222
#A23,#AA2233
#A24,#AA2244
#A25,#AA2255
#A26,#AA2266
#A27,#AA2277
#A28,#AA2288
#A29,#AA2299
#A2B,#AA22BB
#A2C,#AA22CC
#A2D,#AA22DD
#A2E,#AA22EE
#A2F,#AA22FF
#A30,#AA3300
#A31,#AA3311
#A32,#AA3322
#A33,#AA3333
#A34,#AA3344
#A35,#AA3355
#A36,#AA3366
#A37,#AA3377
#A38,#AA3388
#A39,#AA3399
#A3A,#AA33AA
#A3B,#AA33BB
#A3C,#AA33CC
#A3D,#AA33DD
#A3E,#AA33EE
#A3F,#AA33FF
#A40,#AA4400
#A41,#AA4411
#A42,#AA4422
#A43,#AA4433
#A45,#AA4455
#A46,#AA4466
#A47,#AA4477
#A48,#AA4488
#A49,#AA4499
#A4A,#AA44AA
#A4B,#AA44BB
#A4C,#AA44CC
#A4D,#AA44DD
#A4E,#AA44EE
#A4F,#AA44FF
#A50,#AA5500
#A51,#AA5511
#A52,#AA5522
#A53,#AA5533
#A54,#AA5544
#A55,#AA5555
#A56,#AA5566
#A57,#AA5577
#A58,#AA5588
#A59,#AA5599
#A5A,#AA55AA
#A5B,#AA55BB
#A5C,#AA55CC
#A5D,#AA55DD
#A5E,#AA55EE
#A5F,#AA55FF
#A60,#AA6600
#A61,#AA6611
#A62,#AA6622
#A63,#AA6633
#A64,#AA6644
#A65,#AA6655
#A66,#AA6666
#A67,#AA6677
#A68,#AA6688
#A69,#AA6699
#A6A,#AA66AA
#A6B,#AA66BB
#A6C,#AA66CC
#A6D,#AA66DD
#A6E,#AA66EE
#A6F,#AA66FF
#A70,#AA7700
#A71,#AA7711
#A72,#AA7722
#A73,#AA7733
#A74,#AA7744
#A75,#AA7755
#A76,#AA7766
#A77,#AA7777
#A78,#AA7788
#A79,#AA7799
#A7A,#AA77AA
#A7B,#AA77BB
#A7C,#AA77CC
#A7D,#AA77DD
#A7E,#AA77EE
#A7F,#AA77FF
#A80,#AA8800
#A81,#AA8811
#A82,#AA8822
#A83,#AA8833
#A84,#AA8844
#A85,#AA8855
#A86,#AA8866
#A87,#AA8877
#A88,#AA8888
#A89,#AA8899
#A8A,#AA88AA
#A8B,#AA88BB
#A8C,#AA88CC
#A8D,#AA88DD
#A8E,#AA88EE
#A8F,#AA88FF
#A90,#AA9900
#A91,#AA9911
#A92,#AA9922
#A93,#AA9933
#A94,#AA9944
#A95,#AA9955
#A96,#AA9966
#A97,#AA9977
#A98,#AA9988
#A99,#AA9999
#A9A,#AA99AA
#A9B,#AA99BB
#A9C,#AA99CC
#A9D,#AA99DD
#A9E,#AA99EE
#A9F,#AA99FF
#AA0,#AAAA00
#AA1,#AAAA11
#AA2,#AAAA22
#AA3,#AAAA33
#AA4,#AAAA44
#AA5,#AAAA55
#AA6,#AAAA66
#AA7,#AAAA77
#AA8,#AAAA88
#AA9,#AAAA99
#AAB,#AAAABB
#AAC,#AAAACC
#AAD,#AAAADD
#AAE,#AAAAEE
#AAF,#AAAAFF
#AB0,#AABB00
#AB1,#AABB11
#AB2,#AABB22
#AB3,#AABB33
#AB4,#AABB44
#AB5,#AABB55
#AB6,#AABB66
#AB7,#AABB77
#AB8,#AABB88
#AB9,#AABB99
#ABA,#AABBAA
#ABB,#AABBBB
#ABD,#AABBDD
#ABE,#AABBEE
#ABF,#AABBFF
#AC0,#AACC00
#AC1,#AACC11
#AC2,#AACC22
#AC3,#AACC33
#AC4,#AACC44
#AC5,#AACC55
#AC6,#AACC66
#AC7,#AACC77
#AC8,#AACC88
#AC9,#AACC99
#ACA,#AACCAA
#ACB,#AACCBB
#ACC,#AACCCC
#ACD,#AACCDD
#ACF,#AACCFF
#AD0,#AADD00
#AD1,#AADD11
#AD2,#AADD22
#AD3,#AADD33
#AD4,#AADD44
#AD5,#AADD55
#AD6,#AADD66
#AD7,#AADD77
#AD8,#AADD88
#AD9,#AADD99
#ADA,#AADDAA
#ADB,#AADDBB
#ADC,#AADDCC
#ADE,#AADDEE
#ADF,#AADDFF
#AE0,#AAEE00
#AE1,#AAEE11
#AE2,#AAEE22
#AE3,#AAEE33
#AE4,#AAEE44
#AE5,#AAEE55
#AE6,#AAEE66
#AE7,#AAEE77
#AE8,#AAEE88
#AE9,#AAEE99
#AEA,#AAEEAA
#AEB,#AAEEBB
#AEC,#AAEECC
#AED,#AAEEDD
#AEE,#AAEEEE
#AF1,#AAFF11
#AF2,#AAFF22
#AF3,#AAFF33
#AF4,#AAFF44
#AF5,#AAFF55
#AF6,#AAFF66
#AF7,#AAFF77
#AF8,#AAFF88
#AF9,#AAFF99
#AFA,#AAFFAA
#AFB,#AAFFBB
#AFC,#AAFFCC
#AFD,#AAFFDD
#AFE,#AAFFEE
#AFF,#AAFFFF
#B00,#BB0000
#B01,#BB0011
#B02,#BB0022
#B03,#BB0033
#B04,#BB0044
#B06,#BB0066
#B07,#BB0077
#B08,#BB0088
#B09,#BB0099
#B0A,#BB00AA
#B0C,#BB00CC
#B0D,#BB00DD
#B0E,#BB00EE
#B0F,#BB00FF
#B10,#BB1100
#B11,#BB1111
#B12,#BB1122
#B13,#BB1133
#B14,#BB1144
#B15,#BB1155
#B16,#BB1166
#B17,#BB1177
#B18,#BB1188
#B19,#BB1199
#B1A,#BB11AA
#B1B,#BB11BB
#B1C,#BB11CC
#B1D,#BB11DD
#B1E,#BB11EE
#B1F,#BB11FF
#B20,#BB2200
#B21,#BB2211
#B22,#BB2222
#B23,#BB2233
#B24,#BB2244
#B25,#BB2255
#B26,#BB2266
#B27,#BB2277
#B28,#BB2288
#B29,#BB2299
#B2A,#BB22AA
#B2B,#BB22BB
#B2C,#BB22CC
#B2D,#BB22DD
#B2E,#BB22EE
#B2F,#BB22FF
#B30,#BB3300
#B31,#BB3311
#B32,#BB3322
#B33,#BB3333
#B34,#BB3344
#B35,#BB3355
#B36,#BB3366
#B37,#BB3377
#B38,#BB3388
#B39,#BB3399
#B3A,#BB33AA
#B3B,#BB33BB
#B3C,#BB33CC
#B3D,#BB33DD
#B3E,#BB33EE
#B3F,#BB33FF
#B40,#BB4400
#B41,#BB4411
#B42,#BB4422
#B43,#BB4433
#B44,#BB4444
#B45,#BB4455
#B46,#BB4466
#B47,#BB4477
#B48,#BB4488
#B49,#BB4499
#B4A,#BB44AA
#B4B,#BB44BB
#B4C,#BB44CC
#B4D,#BB44DD
#B4E,#BB44EE
#B4F,#BB44FF
#B50,#BB5500
#B51,#BB5511
#B52,#BB5522
#B53,#BB5533
#B54,#BB5544
#B55,#BB5555
#B56,#BB5566
#B57,#BB5577
#B59,#BB5599
#B5A,#BB55AA
#B5B,#BB55BB
#B5C,#BB55CC
#B5D,#BB55DD
#B5E,#BB55EE
#B5F,#BB55FF
#B60,#BB6600
#B61,#BB6611
#B62,#BB6622
#B63,#BB6633
#B64,#BB6644
#B65,#BB6655
#B66,#BB6666
#B67,#BB6677
#B68,#BB6688
#B69,#BB6699
#B6A,#BB66AA
#B6B,#BB66BB
#B6C,#BB66CC
#B6D,#BB66DD
#B6E,#BB66EE
#B6F,#BB66FF
#B70,#BB7700
#B71,#BB7711
#B72,#BB7722
#B73,#BB7733
#B74,#BB7744
#B75,#BB7755
#B76,#BB7766
#B77,#BB7777
#B78,#BB7788
#B79,#BB7799
#B7A,#BB77AA
#B7B,#BB77BB
#B7C,#BB77CC
#B7D,#BB77DD
#B7E,#BB77EE
#B7F,#BB77FF
#B80,#BB8800
#B81,#BB8811
#B82,#BB8822
#B83,#BB8833
#B84,#BB8844
#B85,#BB8855
#B86,#BB8866
#B87,#BB8877
#B88,#BB8888
#B89,#BB8899
#B8A,#BB88AA
#B8B,#BB88BB
#B8C,#BB88CC
#B8D,#BB88DD
#B8E,#BB88EE
#B8F,#BB88FF
#B90,#BB9900
#B91,#BB9911
#B92,#BB9922
#B93,#BB9933
#B94,#BB9944
#B95,#BB9955
#B96,#BB9966
#B97,#BB9977
#B98,#BB9988
#B99,#BB9999
#B9A,#BB99AA
#B9B,#BB99BB
#B9C,#BB99CC
#B9D,#BB99DD
#B9E,#BB99EE
#BA0,#BBAA00
#BA1,#BBAA11
#BA2,#BBAA22
#BA3,#BBAA33
#BA4,#BBAA44
#BA5,#BBAA55
#BA6,#BBAA66
#BA7,#BBAA77
#BA8,#BBAA88
#BA9,#BBAA99
#BAA,#BBAAAA
#BAB,#BBAABB
#BAC,#BBAACC
#BAE,#BBAAEE
#BAF,#BBAAFF
#BB0,#BBBB00
#BB1,#BBBB11
#BB2,#BBBB22
#BB3,#BBBB33
#BB4,#BBBB44
#BB5,#BBBB55
#BB6,#BBBB66
#BB7,#BBBB77
#BB8,#BBBB88
#BB9,#BBBB99
#BBA,#BBBBAA
#BBC,#BBBBCC
#BBD,#BBBBDD
#BBE,#BBBBEE
#BBF,#BBBBFF
#BC0,#BBCC00
#BC1,#BBCC11
#BC2,#BBCC22
#BC3,#BBCC33
#BC4,#BBCC44
#BC5,#BBCC55
#BC6,#BBCC66
#BC7,#BBCC77
#BC8,#BBCC88
#BC9,#BBCC99
#BCA,#BBCCAA
#BCB,#BBCCBB
#BCC,#BBCCCC
#BCD,#BBCCDD
#BCE,#BBCCEE
#BCF,#BBCCFF
#BD0,#BBDD00
#BD1,#BBDD11
#BD2,#BBDD22
#BD3,#BBDD33
#BD4,#BBDD44
#BD5,#BBDD55
#BD6,#BBDD66
#BD7,#BBDD77
#BD8,#BBDD88
#BD9,#BBDD99
#BDA,#BBDDAA
#BDB,#BBDDBB
#BDC,#BBDDCC
#BDD,#BBDDDD
#BDE,#BBDDEE
#BDF,#BBDDFF
#BE0,#BBEE00
#BE1,#BBEE11
#BE2,#BBEE22
#BE3,#BBEE33
#BE4,#BBEE44
#BE5,#BBEE55
#BE6,#BBEE66
#BE7,#BBEE77
#BE8,#BBEE88
#BE9,#BBEE99
#BEA,#BBEEAA
#BEB,#BBEEBB
#BEC,#BBEECC
#BEE,#BBEEEE
#BEF,#BBEEFF
#BF0,#BBFF00
#BF1,#BBFF11
#BF2,#BBFF22
#BF3,#BBFF33
#BF4,#BBFF44
#BF5,#BBFF55
#BF6,#BBFF66
#BF7,#BBFF77
#BF8,#BBFF88
#BF9,#BBFF99
#BFA,#BBFFAA
#BFC,#BBFFCC
#BFD,#BBFFDD
#BFE,#BBFFEE
#C01,#CC0011
#C02,#CC0022
#C03,#CC0033
#C04,#CC0044
#C05,#CC0055
#C06,#CC0066
#C07,#CC0077
#C08,#CC0088
#C09,#CC0099
#C0A,#CC00AA
#C0B,#CC00BB
#C0C,#CC00CC
#C0D,#CC00DD
#C0E,#CC00EE
#C0F,#CC00FF
#C10,#CC1100
#C11,#CC1111
#C12,#CC1122
#C13,#CC1133
#C14,#CC1144
#C15,#CC1155
#C16,#CC1166
#C17,#CC1177
#C18,#CC1188
#C19,#CC1199
#C1A,#CC11AA
#C1B,#CC11BB
#C1C,#CC11CC
#C1D,#CC11DD
#C1E,#CC11EE
#C1F,#CC11FF
#C20,#CC2200
#C21,#CC2211
#C22,#CC2222
#C23,#CC2233
#C24,#CC2244
#C25,#CC2255
#C26,#CC2266
#C27,#CC2277
#C28,#CC2288
#C29,#CC2299
#C2A,#CC22AA
#C2B,#CC22BB
#C2C,#CC22CC
#C2D,#CC22DD
#C2E,#CC22EE
#C2F,#CC22FF
#C30,#CC3300
#C31,#CC3311
#C32,#CC3322
#C33,#CC3333
#C34,#CC3344
#C35,#CC3355
#C36,#CC3366
#C37,#CC3377
#C38,#CC3388
#C39,#CC3399
#C3A,#CC33AA
#C3B,#CC33BB
#C3C,#CC33CC
#C3D,#CC33DD
#C3E,#CC33EE
#C3F,#CC33FF
#C40,#CC4400
#C41,#CC4411
#C42,#CC4422
#C43,#CC4433
#C44,#CC4444
#C45,#CC4455
#C46,#CC4466
#C47,#CC4477
#C48,#CC4488
#C49,#CC4499
#C4A,#CC44AA
#C4B,#CC44BB
#C4C,#CC44CC
#C4D,#CC44DD
#C4E,#CC44EE
#C4F,#CC44FF
#C51,#CC5511
#C52,#CC5522
#C53,#CC5533
#C54,#CC5544
#C55,#CC5555
#C56,#CC5566
#C57,#CC5577
#C58,#CC5588
#C59,#CC5599
#C5A,#CC55AA
#C5B,#CC55BB
#C5C,#CC55CC
#C5D,#CC55DD
#C5E,#CC55EE
#C5F,#CC55FF
#C60,#CC6600
#C61,#CC6611
#C62,#CC6622
#C63,#CC6633
#C64,#CC6644
#C65,#CC6655
#C66,#CC6666
#C67,#CC6677
#C68,#CC6688
#C69,#CC6699
#C6A,#CC66AA
#C6B,#CC66BB
#C6C,#CC66CC
#C6D,#CC66DD
#C6E,#CC66EE
#C6F,#CC66FF
#C70,#CC7700
#C71,#CC7711
#C73,#CC7733
#C74,#CC7744
#C75,#CC7755
#C76,#CC7766
#C77,#CC7777
#C78,#CC7788
#C79,#CC7799
#C7A,#CC77AA
#C7B,#CC77BB
#C7C,#CC77CC
#C7D,#CC77DD
#C7E,#CC77EE
#C7F,#CC77FF
#C80,#CC8800
#C81,#CC8811
#C82,#CC8822
#C83,#CC8833
#C84,#CC8844
#C85,#CC8855
#C86,#CC8866
#C87,#CC8877
#C88,#CC8888
#C89,#CC8899
#C8A,#CC88AA
#C8B,#CC88BB
#C8C,#CC88CC
#C8D,#CC88DD
#C8E,#CC88EE
#C8F,#CC88FF
#C90,#CC9900
#C91,#CC9911
#C92,#CC9922
#C93,#CC9933
#C94,#CC9944
#C95,#CC9955
#C96,#CC9966
#C97,#CC9977
#C98,#CC9988
#C99,#CC9999
#C9A,#CC99AA
#C9B,#CC99BB
#C9C,#CC99CC
#C9D,#CC99DD
#C9E,#CC99EE
#C9F,#CC99FF
#CA0,#CCAA00
#CA1,#CCAA11
#CA2,#CCAA22
#CA3,#CCAA33
#CA4,#CCAA44
#CA5,#CCAA55
#CA6,#CCAA66
#CA7,#CCAA77
#CA8,#CCAA88
#CA9,#CCAA99
#CAA,#CCAAAA
#CAC,#CCAACC
#CAE,#CCAAEE
#CAF,#CCAAFF
#CB0,#CCBB00
#CB1,#CCBB11
#CB2,#CCBB22
#CB3,#CCBB33
#CB4,#CCBB44
#CB5,#CCBB55
#CB6,#CCBB66
#CB7,#CCBB77
#CB8,#CCBB88
#CB9,#CCBB99
#CBA,#CCBBAA
#CBB,#CCBBBB
#CBC,#CCBBCC
#CBD,#CCBBDD
#CBE,#CCBBEE
#CBF,#CCBBFF
#CC0,#CCCC00
#CC1,#CCCC11
#CC2,#CCCC22
#CC3,#CCCC33
#CC4,#CCCC44
#CC5,#CCCC55
#CC6,#CCCC66
#CC7,#CCCC77
#CC8,#CCCC88
#CC9,#CCCC99
#CCA,#CCCCAA
#CCB,#CCCCBB
#CCD,#CCCCDD
#CCE,#CCCCEE
#CD0,#CCDD00
#CD1,#CCDD11
#CD2,#CCDD22
#CD3,#CCDD33
#CD4,#CCDD44
#CD5,#CCDD55
#CD6,#CCDD66
#CD7,#CCDD77
#CD8,#CCDD88
#CD9,#CCDD99
#CDA,#CCDDAA
#CDB,#CCDDBB
#CDC,#CCDDCC
#CDD,#CCDDDD
#CDF,#CCDDFF
#CE0,#CCEE00
#CE1,#CCEE11
#CE2,#CCEE22
#CE3,#CCEE33
#CE4,#CCEE44
#CE5,#CCEE55
#CE6,#CCEE66
#CE7,#CCEE77
#CE8,#CCEE88
#CE9,#CCEE99
#CEA,#CCEEAA
#CEB,#CCEEBB
#CEC,#CCEECC
#CED,#CCEEDD
#CEE,#CCEEEE
#CEF,#CCEEFF
#CF1,#CCFF11
#CF2,#CCFF22
#CF3,#CCFF33
#CF4,#CCFF44
#CF5,#CCFF55
#CF7,#CCFF77
#CF8,#CCFF88
#CF9,#CCFF99
#CFA,#CCFFAA
#CFB,#CCFFBB
#CFC,#CCFFCC
#CFD,#CCFFDD
#CFE,#CCFFEE
#D01,#DD0011
#D02,#DD0022
#D03,#DD0033
#D04,#DD0044
#D05,#DD0055
#D06,#DD0066
#D07,#DD0077
#D08,#DD0088
#D09,#DD0099
#D0B,#DD00BB
#D0C,#DD00CC
#D0D,#DD00DD
#D0E,#DD00EE
#D0F,#DD00FF
#D10,#DD1100
#D11,#DD1111
#D12,#DD1122
#D13,#DD1133
#D14,#DD1144
#D15,#DD1155
#D16,#DD1166
#D17,#DD1177
#D18,#DD1188
#D19,#DD1199
#D1A,#DD11AA
#D1B,#DD11BB
#D1C,#DD11CC
#D1D,#DD11DD
#D1F,#DD11FF
#D20,#DD2200
#D21,#DD2211
#D22,#DD2222
#D23,#DD2233
#D24,#DD2244
#D25,#DD2255
#D26,#DD2266
#D27,#DD2277
#D28,#DD2288
#D29,#DD2299
#D2A,#DD22AA
#D2B,#DD22BB
#D2C,#DD22CC
#D2D,#DD22DD
#D2E,#DD22EE
#D2F,#DD22FF
#D30,#DD3300
#D31,#DD3311
#D32,#DD3322
#D33,#DD3333
#D35,#DD3355
#D36,#DD3366
#D37,#DD3377
#D38,#DD3388
#D39,#DD3399
#D3A,#DD33AA
#D3B,#DD33BB
#D3C,#DD33CC
#D3D,#DD33DD
#D3E,#DD33EE
#D3F,#DD33FF
#D40,#DD4400
#D41,#DD4411
#D42,#DD4422
#D43,#DD4433
#D44,#DD4444
#D45,#DD4455
#D46,#DD4466
#D47,#DD4477
#D48,#DD4488
#D49,#DD4499
#D4A,#DD44AA
#D4B,#DD44BB
#D4C,#DD44CC
#D4D,#DD44DD
#D4E,#DD44EE
#D4F,#DD44FF
#D50,#DD5500
#D51,#DD5511
#D52,#DD5522
#D53,#DD5533
#D54,#DD5544
#D55,#DD5555
#D56,#DD5566
#D57,#DD5577
#D58,#DD5588
#D59,#DD5599
#D5A,#DD55AA
#D5B,#DD55BB
#D5C,#DD55CC
#D5D,#DD55DD
#D5E,#DD55EE
#D5F,#DD55FF
#D60,#DD6600
#D61,#DD6611
#D62,#DD6622
#D63,#DD6633
#D64,#DD6644
#D65,#DD6655
#D66,#DD6666
#D67,#DD6677
#D68,#DD6688
#D69,#DD6699
#D6A,#DD66AA
#D6B,#DD66BB
#D6C,#DD66CC
#D6D,#DD66DD
#D6E,#DD66EE
#D6F,#DD66FF
#D70,#DD7700
#D71,#DD7711
#D72,#DD7722
#D73,#DD7733
#D74,#DD7744
#D75,#DD7755
#D76,#DD7766
#D77,#DD7777
#D78,#DD7788
#D79,#DD7799
#D7A,#DD77AA
#D7B,#DD77BB
#D7C,#DD77CC
#D7D,#DD77DD
#D7E,#DD77EE
#D7F,#DD77FF
#D80,#DD8800
#D81,#DD8811
#D82,#DD8822
#D83,#DD8833
#D84,#DD8844
#D85,#DD8855
#D86,#DD8866
#D87,#DD8877
#D88,#DD8888
#D89,#DD8899
#D8A,#DD88AA
#D8B,#DD88BB
#D8C,#DD88CC
#D8D,#DD88DD
#D8E,#DD88EE
#D8F,#DD88FF
#D90,#DD9900
#D91,#DD9911
#D92,#DD9922
#D93,#DD9933
#D94,#DD9944
#D95,#DD9955
#D96,#DD9966
#D97,#DD9977
#D98,#DD9988
#D99,#DD9999
#D9A,#DD99AA
#D9B,#DD99BB
#D9C,#DD99CC
#D9D,#DD99DD
#D9E,#DD99EE
#D9F,#DD99FF
#DA0,#DDAA00
#DA1,#DDAA11
#DA2,#DDAA22
#DA3,#DDAA33
#DA4,#DDAA44
#DA5,#DDAA55
#DA6,#DDAA66
#DA7,#DDAA77
#DA8,#DDAA88
#DA9,#DDAA99
#DAA,#DDAAAA
#DAC,#DDAACC
#DAE,#DDAAEE
#DAF,#DDAAFF
#DB0,#DDBB00
#DB1,#DDBB11
#DB2,#DDBB22
#DB3,#DDBB33
#DB4,#DDBB44
#DB5,#DDBB55
#DB6,#DDBB66
#DB7,#DDBB77
#DB8,#DDBB88
#DB9,#DDBB99
#DBA,#DDBBAA
#DBB,#DDBBBB
#DBC,#DDBBCC
#DBD,#DDBBDD
#DBE,#DDBBEE
#DBF,#DDBBFF
#DC0,#DDCC00
#DC1,#DDCC11
#DC2,#DDCC22
#DC3,#DDCC33
#DC4,#DDCC44
#DC5,#DDCC55
#DC6,#DDCC66
#DC7,#DDCC77
#DC8,#DDCC88
#DC9,#DDCC99
#DCA,#DDCCAA
#DCB,#DDCCBB
#DCC,#DDCCCC
#DCD,#DDCCDD
#DCE,#DDCCEE
#DCF,#DDCCFF
#DD0,#DDDD00
#DD1,#DDDD11
#DD2,#DDDD22
#DD3,#DDDD33
#DD4,#DDDD44
#DD5,#DDDD55
#DD6,#DDDD66
#DD7,#DDDD77
#DD8,#DDDD88
#DD9,#DDDD99
#DDA,#DDDDAA
#DDB,#DDDDBB
#DDC,#DDDDCC
#DDE,#DDDDEE
#DE0,#DDEE00
#DE1,#DDEE11
#DE2,#DDEE22
#DE3,#DDEE33
#DE4,#DDEE44
#DE5,#DDEE55
#DE6,#DDEE66
#DE7,#DDEE77
#DE8,#DDEE88
#DE9,#DDEE99
#DEA,#DDEEAA
#DEB,#DDEEBB
#DEC,#DDEECC
#DED,#DDEEDD
#DEE,#DDEEEE
#DEF,#DDEEFF
#DF1,#DDFF11
#DF2,#DDFF22
#DF3,#DDFF33
#DF4,#DDFF44
#DF5,#DDFF55
#DF6,#DDFF66
#DF7,#DDFF77
#DF8,#DDFF88
#DF9,#DDFF99
#DFA,#DDFFAA
#DFB,#DDFFBB
#DFC,#DDFFCC
#DFD,#DDFFDD
#DFE,#DDFFEE
#DFF,#DDFFFF
#E01,#EE0011
#E02,#EE0022
#E03,#EE0033
#E04,#EE0044
#E05,#EE0055
#E06,#EE0066
#E07,#EE0077
#E08,#EE0088
#E09,#EE0099
#E0A,#EE00AA
#E0B,#EE00BB
#E0C,#EE00CC
#E0D,#EE00DD
#E0E,#EE00EE
#E10,#EE1100
#E12,#EE1122
#E13,#EE1133
#E14,#EE1144
#E15,#EE1155
#E16,#EE1166
#E17,#EE1177
#E18,#EE1188
#E19,#EE1199
#E1A,#EE11AA
#E1B,#EE11BB
#E1C,#EE11CC
#E1D,#EE11DD
#E1E,#EE11EE
#E1F,#EE11FF
#E20,#EE2200
#E21,#EE2211
#E22,#EE2222
#E23,#EE2233
#E24,#EE2244
#E25,#EE2255
#E26,#EE2266
#E27,#EE2277
#E28,#EE2288
#E29,#EE2299
#E2A,#EE22AA
#E2C,#EE22CC
#E2D,#EE22DD
#E2E,#EE22EE
#E2F,#EE22FF
#E31,#EE3311
#E32,#EE3322
#E33,#EE3333
#E34,#EE3344
#E35,#EE3355
#E37,#EE3377
#E38,#EE3388
#E39,#EE3399
#E3A,#EE33AA
#E3B,#EE33BB
#E3C,#EE33CC
#E3D,#EE33DD
#E3E,#EE33EE
#E3F,#EE33FF
#E40,#EE4400
#E41,#EE4411
#E42,#EE4422
#E43,#EE4433
#E44,#EE4444
#E45,#EE4455
#E46,#EE4466
#E47,#EE4477
#E48,#EE4488
#E49,#EE4499
#E4A,#EE44AA
#E4B,#EE44BB
#E4C,#EE44CC
#E4D,#EE44DD
#E4E,#EE44EE
#E4F,#EE44FF
#E50,#EE5500
#E51,#EE5511
#E52,#EE5522
#E53,#EE5533
#E54,#EE5544
#E55,#EE5555
#E56,#EE5566
#E57,#EE5577
#E58,#EE5588
#E59,#EE5599
#E5A,#EE55AA
#E5B,#EE55BB
#E5C,#EE55CC
#E5D,#EE55DD
#E5E,#EE55EE
#E5F,#EE55FF
#E60,#EE6600
#E61,#EE6611
#E62,#EE6622
#E63,#EE6633
#E64,#EE6644
#E65,#EE6655
#E66,#EE6666
#E67,#EE6677
#E68,#EE6688
#E69,#EE6699
#E6A,#EE66AA
#E6B,#EE66BB
#E6C,#EE66CC
#E6D,#EE66DD
#E6E,#EE66EE
#E6F,#EE66FF
#E70,#EE7700
#E71,#EE7711
#E72,#EE7722
#E73,#EE7733
#E74,#EE7744
#E75,#EE7755
#E76,#EE7766
#E77,#EE7777
#E78,#EE7788
#E79,#EE7799
#E7A,#EE77AA
#E7B,#EE77BB
#E7C,#EE77CC
#E7D,#EE77DD
#E7E,#EE77EE
#E7F,#EE77FF
#E80,#EE8800
#E81,#EE8811
#E82,#EE8822
#E83,#EE8833
#E84,#EE8844
#E85,#EE8855
#E86,#EE8866
#E87,#EE8877
#E88,#EE8888
#E89,#EE8899
#E8A,#EE88AA
#E8B,#EE88BB
#E8C,#EE88CC
#E8D,#EE88DD
#E8E,#EE88EE
#E8F,#EE88FF
#E90,#EE9900
#E91,#EE9911
#E92,#EE9922
#E93,#EE9933
#E94,#EE9944
#E95,#EE9955
#E96,#EE9966
#E97,#EE9977
#E98,#EE9988
#E99,#EE9999
#E9A,#EE99AA
#E9B,#EE99BB
#E9C,#EE99CC
#E9D,#EE99DD
#E9E,#EE99EE
#E9F,#EE99FF
#EA0,#EEAA00
#EA1,#EEAA11
#EA2,#EEAA22
#EA3,#EEAA33
#EA4,#EEAA44
#EA5,#EEAA55
#EA6,#EEAA66
#EA8,#EEAA88
#EA9,#EEAA99
#EAA,#EEAAAA
#EAB,#EEAABB
#EAC,#EEAACC
#EAD,#EEAADD
#EAE,#EEAAEE
#EAF,#EEAAFF
#EB0,#EEBB00
#EB1,#EEBB11
#EB2,#EEBB22
#EB3,#EEBB33
#EB4,#EEBB44
#EB5,#EEBB55
#EB6,#EEBB66
#EB7,#EEBB77
#EB8,#EEBB88
#EB9,#EEBB99
#EBA,#EEBBAA
#EBB,#EEBBBB
#EBC,#EEBBCC
#EBD,#EEBBDD
#EBE,#EEBBEE
#EBF,#EEBBFF
#EC0,#EECC00
#EC1,#EECC11
#EC2,#EECC22
#EC3,#EECC33
#EC4,#EECC44
#EC5,#EECC55
#EC6,#EECC66
#EC7,#EECC77
#EC8,#EECC88
#EC9,#EECC99
#ECA,#EECCAA
#ECB,#EECCBB
#ECC,#EECCCC
#ECD,#EECCDD
#ECE,#EECCEE
#ECF,#EECCFF
#ED0,#EEDD00
#ED1,#EEDD11
#ED2,#EEDD22
#ED3,#EEDD33
#ED4,#EEDD44
#ED5,#EEDD55
#ED6,#EEDD66
#ED7,#EEDD77
#ED8,#EEDD88
#ED9,#EEDD99
#EDA,#EEDDAA
#EDB,#EEDDBB
#EDC,#EEDDCC
#EDD,#EEDDDD
#EDE,#EEDDEE
#EE0,#EEEE00
#EE1,#EEEE11
#EE2,#EEEE22
#EE3,#EEEE33
#EE4,#EEEE44
#EE5,#EEEE55
#EE6,#EEEE66
#EE7,#EEEE77
#EE8,#EEEE88
#EE9,#EEEE99
#EEA,#EEEEAA
#EEB,#EEEEBB
#EEC,#EEEECC
#EED,#EEEEDD
#EEF,#EEEEFF
#EF1,#EEFF11
#EF2,#EEFF22
#EF3,#EEFF33
#EF4,#EEFF44
#EF5,#EEFF55
#EF6,#EEFF66
#EF7,#EEFF77
#EF8,#EEFF88
#EF9,#EEFF99
#EFA,#EEFFAA
#EFB,#EEFFBB
#EFC,#EEFFCC
#EFD,#EEFFDD
#EFE,#EEFFEE
#F04,#FF0044
#F05,#FF0055
#F07,#FF0077
#F08,#FF0088
#F0D,#FF00DD
#F0E,#FF00EE
#F12,#FF1122
#F13,#FF1133
#F14,#FF1144
#F15,#FF1155
#F16,#FF1166
#F17,#FF1177
#F18,#FF1188
#F19,#FF1199
#F1A,#FF11AA
#F1B,#FF11BB
#F1C,#FF11CC
#F1D,#FF11DD
#F1E,#FF11EE
#F1F,#FF11FF
#F20,#FF2200
#F21,#FF2211
#F22,#FF2222
#F23,#FF2233
#F24,#FF2244
#F25,#FF2255
#F26,#FF2266
#F28,#FF2288
#F29,#FF2299
#F2A,#FF22AA
#F2B,#FF22BB
#F2C,#FF22CC
#F2D,#FF22DD
#F2E,#FF22EE
#F2F,#FF22FF
#F30,#FF3300
#F31,#FF3311
#F32,#FF3322
#F34,#FF3344
#F35,#FF3355
#F36,#FF3366
#F37,#FF3377
#F39,#FF3399
#F3A,#FF33AA
#F3B,#FF33BB
#F3C,#FF33CC
#F3D,#FF33DD
#F3E,#FF33EE
#F3F,#FF33FF
#F41,#FF4411
#F42,#FF4422
#F43,#FF4433
#F44,#FF4444
#F45,#FF4455
#F46,#FF4466
#F47,#FF4477
#F48,#FF4488
#F49,#FF4499
#F4A,#FF44AA
#F4B,#FF44BB
#F4C,#FF44CC
#F4D,#FF44DD
#F4E,#FF44EE
#F4F,#FF44FF
#F50,#FF5500
#F51,#FF5511
#F52,#FF5522
#F53,#FF5533
#F54,#FF5544
#F55,#FF5555
#F56,#FF5566
#F57,#FF5577
#F58,#FF5588
#F59,#FF5599
#F5A,#FF55AA
#F5B,#FF55BB
#F5C,#FF55CC
#F5D,#FF55DD
#F5E,#FF55EE
#F5F,#FF55FF
#F61,#FF6611
#F62,#FF6622
#F64,#FF6644
#F65,#FF6655
#F67,#FF6677
#F68,#FF6688
#F69,#FF6699
#F6A,#FF66AA
#F6B,#FF66BB
#F6C,#FF66CC
#F6D,#FF66DD
#F6E,#FF66EE
#F6F,#FF66FF
#F71,#FF7711
#F72,#FF7722
#F73,#FF7733
#F74,#FF7744
#F75,#FF7755
#F76,#FF7766
#F77,#FF7777
#F78,#FF7788
#F79,#FF7799
#F7A,#FF77AA
#F7B,#FF77BB
#F7C,#FF77CC
#F7D,#FF77DD
#F7E,#FF77EE
#F81,#FF8811
#F82,#FF8822
#F84,#FF8844
#F85,#FF8855
#F86,#FF8866
#F87,#FF8877
#F88,#FF8888
#F89,#FF8899
#F8A,#FF88AA
#F8B,#FF88BB
#F8C,#FF88CC
#F8D,#FF88DD
#F8E,#FF88EE
#F8F,#FF88FF
#F91,#FF9911
#F92,#FF9922
#F94,#FF9944
#F95,#FF9955
#F96,#FF9966
#F97,#FF9977
#F98,#FF9988
#F99,#FF9999
#F9A,#FF99AA
#F9B,#FF99BB
#F9C,#FF99CC
#F9D,#FF99DD
#F9E,#FF99EE
#F9F,#FF99FF
#FA1,#FFAA11
#FA2,#FFAA22
#FA3,#FFAA33
#FA4,#FFAA44
#FA5,#FFAA55
#FA6,#FFAA66
#FA7,#FFAA77
#FA8,#FFAA88
#FA9,#FFAA99
#FAB,#FFAABB
#FAE,#FFAAEE
#FAF,#FFAAFF
#FB1,#FFBB11
#FB2,#FFBB22
#FB3,#FFBB33
#FB4,#FFBB44
#FB5,#FFBB55
#FB6,#FFBB66
#FB7,#FFBB77
#FB8,#FFBB88
#FB9,#FFBB99
#FBA,#FFBBAA
#FBB,#FFBBBB
#FBC,#FFBBCC
#FBD,#FFBBDD
#FBE,#FFBBEE
#FBF,#FFBBFF
#FC1,#FFCC11
#FC2,#FFCC22
#FC3,#FFCC33
#FC4,#FFCC44
#FC5,#FFCC55
#FC6,#FFCC66
#FC7,#FFCC77
#FC8,#FFCC88
#FCA,#FFCCAA
#FCB,#FFCCBB
#FCD,#FFCCDD
#FCE,#FFCCEE
#FCF,#FFCCFF
#FD2,#FFDD22
#FD3,#FFDD33
#FD4,#FFDD44
#FD5,#FFDD55
#FD6,#FFDD66
#FD7,#FFDD77
#FD8,#FFDD88
#FD9,#FFDD99
#FDA,#FFDDAA
#FDB,#FFDDBB
#FDC,#FFDDCC
#FDD,#FFDDDD
#FDE,#FFDDEE
#FDF,#FFDDFF
#FE1,#FFEE11
#FE2,#FFEE22
#FE3,#FFEE33
#FE4,#FFEE44
#FE5,#FFEE55
#FE6,#FFEE66
#FE7,#FFEE77
#FE8,#FFEE88
#FE9,#FFEE99
#FEA,#FFEEAA
#FEB,#FFEEBB
#FEC,#FFEECC
#FEE,#FFEEEE
#FEF,#FFEEFF
#FF1,#FFFF11
#FF2,#FFFF22
#FF4,#FFFF44
#FF5,#FFFF55
#FF8,#FFFF88
#FFA,#FFFFAA
#FFB,#FFFFBB
#FFC,#FFFFCC
#FFD,#FFFFDD
